{
  "timestamp": "2026-05-01T20:00:17.765739",
  "window_idx": 1,
  "bias": {
    "lstm_d": 0.438751,
    "tft_d": 0.370958,
    "lstm_m": -0.239759,
    "tft_m": -0.218219,
    "news": -0.351731
  },
  "bias_strength": 0.5,
  "momentum": 0.7,
  "metrics": {
    "sub_model_ic": {
      "lstm_d": 0.0155,
      "tft_d": 0.0216,
      "lstm_m": 0.0078,
      "tft_m": 0.0093,
      "news": 0.0
    }
  }
}