{
  "n_windows": 5,
  "best_fold_idx": 1,
  "best_fold_val_ic": 0.0498,
  "phases": [
    1,
    2,
    3
  ],
  "epochs": 20,
  "expanding_window": true,
  "purge_horizon": 0,
  "per_window": [
    {
      "window": 0,
      "dates": {
        "train": [
          716242,
          719526
        ],
        "val": [
          719528,
          720231
        ],
        "test": [
          720231,
          720936
        ]
      },
      "val_ic": 0.043,
      "regression_metrics": {
        "ic": 0.038815994946564465,
        "rank_ic": -0.0060169563957701445,
        "directional_accuracy": 0.48031496062992124,
        "mse": 1.4929668791640889,
        "n_samples": 635
      },
      "long_short": {
        "sharpe": NaN,
        "max_drawdown": -1.1348,
        "total_return": -1.2741,
        "n_days": 73
      },
      "elapsed_seconds": 236.8,
      "n_train": 1084,
      "n_test": 635
    },
    {
      "window": 1,
      "dates": {
        "train": [
          716242,
          722812
        ],
        "val": [
          722814,
          724221
        ],
        "test": [
          724221,
          725630
        ]
      },
      "val_ic": 0.0498,
      "regression_metrics": {
        "ic": 0.0022296175025965227,
        "rank_ic": -0.0024040946665869097,
        "directional_accuracy": 0.47368421052631576,
        "mse": 1.0019515981572926,
        "n_samples": 20976
      },
      "long_short": {
        "sharpe": -0.1183,
        "max_drawdown": -1.0374,
        "total_return": -1.0,
        "n_days": 974
      },
      "elapsed_seconds": 309.8,
      "n_train": 10034,
      "n_test": 20976
    },
    {
      "window": 2,
      "dates": {
        "train": [
          716242,
          726098
        ],
        "val": [
          726100,
          728211
        ],
        "test": [
          728211,
          730324
        ]
      },
      "val_ic": 0.0307,
      "regression_metrics": {
        "ic": 0.01620207854909304,
        "rank_ic": 0.013942726381281736,
        "directional_accuracy": 0.4901355411261405,
        "mse": 1.0655976100075937,
        "n_samples": 72229
      },
      "long_short": {
        "sharpe": -0.2425,
        "max_drawdown": -1.0003,
        "total_return": -1.0,
        "n_days": 1461
      },
      "elapsed_seconds": 649.0,
      "n_train": 49178,
      "n_test": 72229
    },
    {
      "window": 3,
      "dates": {
        "train": [
          716242,
          729384
        ],
        "val": [
          729386,
          732201
        ],
        "test": [
          732201,
          735018
        ]
      },
      "val_ic": 0.0192,
      "regression_metrics": {
        "ic": -0.011319086270887098,
        "rank_ic": 0.003526073791499006,
        "directional_accuracy": 0.4945577658874133,
        "mse": 1.0081338091425873,
        "n_samples": 202031
      },
      "long_short": {
        "sharpe": NaN,
        "max_drawdown": -11.8364,
        "total_return": -11.9291,
        "n_days": 1941
      },
      "elapsed_seconds": 1413.9,
      "n_train": 132324,
      "n_test": 202031
    },
    {
      "window": 4,
      "dates": {
        "train": [
          716242,
          732670
        ],
        "val": [
          732672,
          736191
        ],
        "test": [
          736191,
          739712
        ]
      },
      "val_ic": -0.0023,
      "regression_metrics": {
        "ic": -0.013888404139623422,
        "rank_ic": 0.0005451698090016439,
        "directional_accuracy": 0.5017046955931417,
        "mse": 0.965267142271744,
        "n_samples": 465479
      },
      "long_short": {
        "sharpe": -0.2504,
        "max_drawdown": -1.7475,
        "total_return": -1.0,
        "n_days": 2388
      },
      "elapsed_seconds": 2638.8,
      "n_train": 288727,
      "n_test": 465479
    }
  ],
  "aggregate": {
    "ic_mean": 0.0064,
    "ic_std": 0.0194,
    "rank_ic_mean": 0.0019,
    "dir_acc_mean": 0.4881,
    "sharpe_mean": NaN,
    "sharpe_std": NaN,
    "consistency": "0/5",
    "val_ic_weights": [
      0.3063,
      0.3547,
      0.2187,
      0.1368,
      -0.0164
    ]
  }
}